season,round,race_name,event_date,country,location,circuit,driver_id,driver_code,driver_number,driver,constructor,grid,finish_position,classified_position,status,points,podium,points_finish
2019,1,Australian Grand Prix,2019-03-17,Australia,Melbourne,Albert Park Grand Prix Circuit,bottas,BOT,77,Valtteri Bottas,Mercedes,2,1,1,Finished,26.0,1,1
2019,1,Australian Grand Prix,2019-03-17,Australia,Melbourne,Albert Park Grand Prix Circuit,hamilton,HAM,44,Lewis Hamilton,Mercedes,1,2,2,Finished,18.0,1,1
2019,1,Australian Grand Prix,2019-03-17,Australia,Melbourne,Albert Park Grand Prix Circuit,max_verstappen,VER,33,Max Verstappen,Red Bull,4,3,3,Finished,15.0,1,1
2019,1,Australian Grand Prix,2019-03-17,Australia,Melbourne,Albert Park Grand Prix Circuit,vettel,VET,5,Sebastian Vettel,Ferrari,3,4,4,Finished,12.0,0,1
2019,1,Australian Grand Prix,2019-03-17,Australia,Melbourne,Albert Park Grand Prix Circuit,leclerc,LEC,16,Charles Leclerc,Ferrari,5,5,5,Finished,10.0,0,1
2019,1,Australian Grand Prix,2019-03-17,Australia,Melbourne,Albert Park Grand Prix Circuit,kevin_magnussen,MAG,20,Kevin Magnussen,Haas F1 Team,7,6,6,Finished,8.0,0,1
2019,1,Australian Grand Prix,2019-03-17,Australia,Melbourne,Albert Park Grand Prix Circuit,hulkenberg,HUL,27,Nico Hülkenberg,Renault,11,7,7,+1 Lap,6.0,0,1
2019,1,Australian Grand Prix,2019-03-17,Australia,Melbourne,Albert Park Grand Prix Circuit,raikkonen,RAI,7,Kimi Räikkönen,Alfa Romeo,9,8,8,+1 Lap,4.0,0,1
2019,1,Australian Grand Prix,2019-03-17,Australia,Melbourne,Albert Park Grand Prix Circuit,stroll,STR,18,Lance Stroll,Racing Point,16,9,9,+1 Lap,2.0,0,1
2019,1,Australian Grand Prix,2019-03-17,Australia,Melbourne,Albert Park Grand Prix Circuit,kvyat,KVY,26,Daniil Kvyat,Toro Rosso,15,10,10,+1 Lap,1.0,0,1
2019,1,Australian Grand Prix,2019-03-17,Australia,Melbourne,Albert Park Grand Prix Circuit,gasly,GAS,10,Pierre Gasly,Red Bull,17,11,11,+1 Lap,0.0,0,0
2019,1,Australian Grand Prix,2019-03-17,Australia,Melbourne,Albert Park Grand Prix Circuit,norris,NOR,4,Lando Norris,McLaren,8,12,12,+1 Lap,0.0,0,0
2019,1,Australian Grand Prix,2019-03-17,Australia,Melbourne,Albert Park Grand Prix Circuit,perez,PER,11,Sergio Pérez,Racing Point,10,13,13,+1 Lap,0.0,0,0
2019,1,Australian Grand Prix,2019-03-17,Australia,Melbourne,Albert Park Grand Prix Circuit,albon,ALB,23,Alexander Albon,Toro Rosso,13,14,14,+1 Lap,0.0,0,0
2019,1,Australian Grand Prix,2019-03-17,Australia,Melbourne,Albert Park Grand Prix Circuit,giovinazzi,GIO,99,Antonio Giovinazzi,Alfa Romeo,14,15,15,+1 Lap,0.0,0,0
2019,1,Australian Grand Prix,2019-03-17,Australia,Melbourne,Albert Park Grand Prix Circuit,russell,RUS,63,George Russell,Williams,19,16,16,+2 Laps,0.0,0,0
2019,1,Australian Grand Prix,2019-03-17,Australia,Melbourne,Albert Park Grand Prix Circuit,kubica,KUB,88,Robert Kubica,Williams,20,17,17,+3 Laps,0.0,0,0
2019,1,Australian Grand Prix,2019-03-17,Australia,Melbourne,Albert Park Grand Prix Circuit,grosjean,GRO,8,Romain Grosjean,Haas F1 Team,6,18,R,Wheel,0.0,0,0
2019,1,Australian Grand Prix,2019-03-17,Australia,Melbourne,Albert Park Grand Prix Circuit,ricciardo,RIC,3,Daniel Ricciardo,Renault,12,19,R,Damage,0.0,0,0
2019,1,Australian Grand Prix,2019-03-17,Australia,Melbourne,Albert Park Grand Prix Circuit,sainz,SAI,55,Carlos Sainz,McLaren,18,20,R,Engine,0.0,0,0
2019,2,Bahrain Grand Prix,2019-03-31,Bahrain,Sakhir,Bahrain International Circuit,hamilton,HAM,44,Lewis Hamilton,Mercedes,3,1,1,Finished,25.0,1,1
2019,2,Bahrain Grand Prix,2019-03-31,Bahrain,Sakhir,Bahrain International Circuit,bottas,BOT,77,Valtteri Bottas,Mercedes,4,2,2,Finished,18.0,1,1
2019,2,Bahrain Grand Prix,2019-03-31,Bahrain,Sakhir,Bahrain International Circuit,leclerc,LEC,16,Charles Leclerc,Ferrari,1,3,3,Finished,16.0,1,1
2019,2,Bahrain Grand Prix,2019-03-31,Bahrain,Sakhir,Bahrain International Circuit,max_verstappen,VER,33,Max Verstappen,Red Bull,5,4,4,Finished,12.0,0,1
2019,2,Bahrain Grand Prix,2019-03-31,Bahrain,Sakhir,Bahrain International Circuit,vettel,VET,5,Sebastian Vettel,Ferrari,2,5,5,Finished,10.0,0,1
2019,2,Bahrain Grand Prix,2019-03-31,Bahrain,Sakhir,Bahrain International Circuit,norris,NOR,4,Lando Norris,McLaren,9,6,6,Finished,8.0,0,1
2019,2,Bahrain Grand Prix,2019-03-31,Bahrain,Sakhir,Bahrain International Circuit,raikkonen,RAI,7,Kimi Räikkönen,Alfa Romeo,8,7,7,Finished,6.0,0,1
2019,2,Bahrain Grand Prix,2019-03-31,Bahrain,Sakhir,Bahrain International Circuit,gasly,GAS,10,Pierre Gasly,Red Bull,13,8,8,Finished,4.0,0,1
2019,2,Bahrain Grand Prix,2019-03-31,Bahrain,Sakhir,Bahrain International Circuit,albon,ALB,23,Alexander Albon,Toro Rosso,12,9,9,Finished,2.0,0,1
2019,2,Bahrain Grand Prix,2019-03-31,Bahrain,Sakhir,Bahrain International Circuit,perez,PER,11,Sergio Pérez,Racing Point,14,10,10,Finished,1.0,0,1
2019,2,Bahrain Grand Prix,2019-03-31,Bahrain,Sakhir,Bahrain International Circuit,giovinazzi,GIO,99,Antonio Giovinazzi,Alfa Romeo,16,11,11,Finished,0.0,0,0
2019,2,Bahrain Grand Prix,2019-03-31,Bahrain,Sakhir,Bahrain International Circuit,kvyat,KVY,26,Daniil Kvyat,Toro Rosso,15,12,12,+1 Lap,0.0,0,0
2019,2,Bahrain Grand Prix,2019-03-31,Bahrain,Sakhir,Bahrain International Circuit,kevin_magnussen,MAG,20,Kevin Magnussen,Haas F1 Team,6,13,13,+1 Lap,0.0,0,0
2019,2,Bahrain Grand Prix,2019-03-31,Bahrain,Sakhir,Bahrain International Circuit,stroll,STR,18,Lance Stroll,Racing Point,18,14,14,+1 Lap,0.0,0,0
2019,2,Bahrain Grand Prix,2019-03-31,Bahrain,Sakhir,Bahrain International Circuit,russell,RUS,63,George Russell,Williams,19,15,15,+1 Lap,0.0,0,0
2019,2,Bahrain Grand Prix,2019-03-31,Bahrain,Sakhir,Bahrain International Circuit,kubica,KUB,88,Robert Kubica,Williams,20,16,16,+2 Laps,0.0,0,0
2019,2,Bahrain Grand Prix,2019-03-31,Bahrain,Sakhir,Bahrain International Circuit,hulkenberg,HUL,27,Nico Hülkenberg,Renault,17,17,R,Engine,0.0,0,0
2019,2,Bahrain Grand Prix,2019-03-31,Bahrain,Sakhir,Bahrain International Circuit,ricciardo,RIC,3,Daniel Ricciardo,Renault,10,18,R,Out of fuel,0.0,0,0
2019,2,Bahrain Grand Prix,2019-03-31,Bahrain,Sakhir,Bahrain International Circuit,sainz,SAI,55,Carlos Sainz,McLaren,7,19,R,Collision damage,0.0,0,0
2019,2,Bahrain Grand Prix,2019-03-31,Bahrain,Sakhir,Bahrain International Circuit,grosjean,GRO,8,Romain Grosjean,Haas F1 Team,11,20,R,Retired,0.0,0,0
2019,3,Chinese Grand Prix,2019-04-14,China,Shanghai,Shanghai International Circuit,hamilton,HAM,44,Lewis Hamilton,Mercedes,2,1,1,Finished,25.0,1,1
2019,3,Chinese Grand Prix,2019-04-14,China,Shanghai,Shanghai International Circuit,bottas,BOT,77,Valtteri Bottas,Mercedes,1,2,2,Finished,18.0,1,1
2019,3,Chinese Grand Prix,2019-04-14,China,Shanghai,Shanghai International Circuit,vettel,VET,5,Sebastian Vettel,Ferrari,3,3,3,Finished,15.0,1,1
2019,3,Chinese Grand Prix,2019-04-14,China,Shanghai,Shanghai International Circuit,max_verstappen,VER,33,Max Verstappen,Red Bull,5,4,4,Finished,12.0,0,1
2019,3,Chinese Grand Prix,2019-04-14,China,Shanghai,Shanghai International Circuit,leclerc,LEC,16,Charles Leclerc,Ferrari,4,5,5,Finished,10.0,0,1
2019,3,Chinese Grand Prix,2019-04-14,China,Shanghai,Shanghai International Circuit,gasly,GAS,10,Pierre Gasly,Red Bull,6,6,6,Finished,9.0,0,1
2019,3,Chinese Grand Prix,2019-04-14,China,Shanghai,Shanghai International Circuit,ricciardo,RIC,3,Daniel Ricciardo,Renault,7,7,7,+1 Lap,6.0,0,1
2019,3,Chinese Grand Prix,2019-04-14,China,Shanghai,Shanghai International Circuit,perez,PER,11,Sergio Pérez,Racing Point,12,8,8,+1 Lap,4.0,0,1
2019,3,Chinese Grand Prix,2019-04-14,China,Shanghai,Shanghai International Circuit,raikkonen,RAI,7,Kimi Räikkönen,Alfa Romeo,13,9,9,+1 Lap,2.0,0,1
2019,3,Chinese Grand Prix,2019-04-14,China,Shanghai,Shanghai International Circuit,albon,ALB,23,Alexander Albon,Toro Rosso,0,10,10,+1 Lap,1.0,0,1
2019,3,Chinese Grand Prix,2019-04-14,China,Shanghai,Shanghai International Circuit,grosjean,GRO,8,Romain Grosjean,Haas F1 Team,10,11,11,+1 Lap,0.0,0,0
2019,3,Chinese Grand Prix,2019-04-14,China,Shanghai,Shanghai International Circuit,stroll,STR,18,Lance Stroll,Racing Point,16,12,12,+1 Lap,0.0,0,0
2019,3,Chinese Grand Prix,2019-04-14,China,Shanghai,Shanghai International Circuit,kevin_magnussen,MAG,20,Kevin Magnussen,Haas F1 Team,9,13,13,+1 Lap,0.0,0,0
2019,3,Chinese Grand Prix,2019-04-14,China,Shanghai,Shanghai International Circuit,sainz,SAI,55,Carlos Sainz,McLaren,14,14,14,+1 Lap,0.0,0,0
2019,3,Chinese Grand Prix,2019-04-14,China,Shanghai,Shanghai International Circuit,giovinazzi,GIO,99,Antonio Giovinazzi,Alfa Romeo,19,15,15,+1 Lap,0.0,0,0
2019,3,Chinese Grand Prix,2019-04-14,China,Shanghai,Shanghai International Circuit,russell,RUS,63,George Russell,Williams,17,16,16,+2 Laps,0.0,0,0
2019,3,Chinese Grand Prix,2019-04-14,China,Shanghai,Shanghai International Circuit,kubica,KUB,88,Robert Kubica,Williams,18,17,17,+2 Laps,0.0,0,0
2019,3,Chinese Grand Prix,2019-04-14,China,Shanghai,Shanghai International Circuit,norris,NOR,4,Lando Norris,McLaren,15,18,18,Collision,0.0,0,0
2019,3,Chinese Grand Prix,2019-04-14,China,Shanghai,Shanghai International Circuit,kvyat,KVY,26,Daniil Kvyat,Toro Rosso,11,19,R,Collision,0.0,0,0
2019,3,Chinese Grand Prix,2019-04-14,China,Shanghai,Shanghai International Circuit,hulkenberg,HUL,27,Nico Hülkenberg,Renault,8,20,R,Power Unit,0.0,0,0
2019,4,Azerbaijan Grand Prix,2019-04-28,Azerbaijan,Baku,Baku City Circuit,bottas,BOT,77,Valtteri Bottas,Mercedes,1,1,1,Finished,25.0,1,1
2019,4,Azerbaijan Grand Prix,2019-04-28,Azerbaijan,Baku,Baku City Circuit,hamilton,HAM,44,Lewis Hamilton,Mercedes,2,2,2,Finished,18.0,1,1
2019,4,Azerbaijan Grand Prix,2019-04-28,Azerbaijan,Baku,Baku City Circuit,vettel,VET,5,Sebastian Vettel,Ferrari,3,3,3,Finished,15.0,1,1
2019,4,Azerbaijan Grand Prix,2019-04-28,Azerbaijan,Baku,Baku City Circuit,max_verstappen,VER,33,Max Verstappen,Red Bull,4,4,4,Finished,12.0,0,1
2019,4,Azerbaijan Grand Prix,2019-04-28,Azerbaijan,Baku,Baku City Circuit,leclerc,LEC,16,Charles Leclerc,Ferrari,8,5,5,Finished,11.0,0,1
2019,4,Azerbaijan Grand Prix,2019-04-28,Azerbaijan,Baku,Baku City Circuit,perez,PER,11,Sergio Pérez,Racing Point,5,6,6,Finished,8.0,0,1
2019,4,Azerbaijan Grand Prix,2019-04-28,Azerbaijan,Baku,Baku City Circuit,sainz,SAI,55,Carlos Sainz,McLaren,9,7,7,Finished,6.0,0,1
2019,4,Azerbaijan Grand Prix,2019-04-28,Azerbaijan,Baku,Baku City Circuit,norris,NOR,4,Lando Norris,McLaren,7,8,8,Finished,4.0,0,1
2019,4,Azerbaijan Grand Prix,2019-04-28,Azerbaijan,Baku,Baku City Circuit,stroll,STR,18,Lance Stroll,Racing Point,13,9,9,Finished,2.0,0,1
2019,4,Azerbaijan Grand Prix,2019-04-28,Azerbaijan,Baku,Baku City Circuit,raikkonen,RAI,7,Kimi Räikkönen,Alfa Romeo,0,10,10,+1 Lap,1.0,0,1
2019,4,Azerbaijan Grand Prix,2019-04-28,Azerbaijan,Baku,Baku City Circuit,albon,ALB,23,Alexander Albon,Toro Rosso,11,11,11,+1 Lap,0.0,0,0
2019,4,Azerbaijan Grand Prix,2019-04-28,Azerbaijan,Baku,Baku City Circuit,giovinazzi,GIO,99,Antonio Giovinazzi,Alfa Romeo,17,12,12,+1 Lap,0.0,0,0
2019,4,Azerbaijan Grand Prix,2019-04-28,Azerbaijan,Baku,Baku City Circuit,kevin_magnussen,MAG,20,Kevin Magnussen,Haas F1 Team,12,13,13,+1 Lap,0.0,0,0
2019,4,Azerbaijan Grand Prix,2019-04-28,Azerbaijan,Baku,Baku City Circuit,hulkenberg,HUL,27,Nico Hülkenberg,Renault,15,14,14,+1 Lap,0.0,0,0
2019,4,Azerbaijan Grand Prix,2019-04-28,Azerbaijan,Baku,Baku City Circuit,russell,RUS,63,George Russell,Williams,16,15,15,+2 Laps,0.0,0,0
2019,4,Azerbaijan Grand Prix,2019-04-28,Azerbaijan,Baku,Baku City Circuit,kubica,KUB,88,Robert Kubica,Williams,0,16,16,+2 Laps,0.0,0,0
2019,4,Azerbaijan Grand Prix,2019-04-28,Azerbaijan,Baku,Baku City Circuit,gasly,GAS,10,Pierre Gasly,Red Bull,0,17,R,Transmission,0.0,0,0
2019,4,Azerbaijan Grand Prix,2019-04-28,Azerbaijan,Baku,Baku City Circuit,grosjean,GRO,8,Romain Grosjean,Haas F1 Team,14,18,R,Brakes,0.0,0,0
2019,4,Azerbaijan Grand Prix,2019-04-28,Azerbaijan,Baku,Baku City Circuit,kvyat,KVY,26,Daniil Kvyat,Toro Rosso,6,19,R,Collision,0.0,0,0
2019,4,Azerbaijan Grand Prix,2019-04-28,Azerbaijan,Baku,Baku City Circuit,ricciardo,RIC,3,Daniel Ricciardo,Renault,10,20,R,Collision,0.0,0,0
2019,5,Spanish Grand Prix,2019-05-12,Spain,Barcelona,Circuit de Barcelona-Catalunya,hamilton,HAM,44,Lewis Hamilton,Mercedes,2,1,1,Finished,26.0,1,1
2019,5,Spanish Grand Prix,2019-05-12,Spain,Barcelona,Circuit de Barcelona-Catalunya,bottas,BOT,77,Valtteri Bottas,Mercedes,1,2,2,Finished,18.0,1,1
2019,5,Spanish Grand Prix,2019-05-12,Spain,Barcelona,Circuit de Barcelona-Catalunya,max_verstappen,VER,33,Max Verstappen,Red Bull,4,3,3,Finished,15.0,1,1
2019,5,Spanish Grand Prix,2019-05-12,Spain,Barcelona,Circuit de Barcelona-Catalunya,vettel,VET,5,Sebastian Vettel,Ferrari,3,4,4,Finished,12.0,0,1
2019,5,Spanish Grand Prix,2019-05-12,Spain,Barcelona,Circuit de Barcelona-Catalunya,leclerc,LEC,16,Charles Leclerc,Ferrari,5,5,5,Finished,10.0,0,1
2019,5,Spanish Grand Prix,2019-05-12,Spain,Barcelona,Circuit de Barcelona-Catalunya,gasly,GAS,10,Pierre Gasly,Red Bull,6,6,6,Finished,8.0,0,1
2019,5,Spanish Grand Prix,2019-05-12,Spain,Barcelona,Circuit de Barcelona-Catalunya,kevin_magnussen,MAG,20,Kevin Magnussen,Haas F1 Team,8,7,7,Finished,6.0,0,1
2019,5,Spanish Grand Prix,2019-05-12,Spain,Barcelona,Circuit de Barcelona-Catalunya,sainz,SAI,55,Carlos Sainz,McLaren,12,8,8,Finished,4.0,0,1
2019,5,Spanish Grand Prix,2019-05-12,Spain,Barcelona,Circuit de Barcelona-Catalunya,kvyat,KVY,26,Daniil Kvyat,Toro Rosso,9,9,9,Finished,2.0,0,1
2019,5,Spanish Grand Prix,2019-05-12,Spain,Barcelona,Circuit de Barcelona-Catalunya,grosjean,GRO,8,Romain Grosjean,Haas F1 Team,7,10,10,Finished,1.0,0,1
2019,5,Spanish Grand Prix,2019-05-12,Spain,Barcelona,Circuit de Barcelona-Catalunya,albon,ALB,23,Alexander Albon,Toro Rosso,11,11,11,Finished,0.0,0,0
2019,5,Spanish Grand Prix,2019-05-12,Spain,Barcelona,Circuit de Barcelona-Catalunya,ricciardo,RIC,3,Daniel Ricciardo,Renault,13,12,12,Finished,0.0,0,0
2019,5,Spanish Grand Prix,2019-05-12,Spain,Barcelona,Circuit de Barcelona-Catalunya,hulkenberg,HUL,27,Nico Hülkenberg,Renault,0,13,13,Finished,0.0,0,0
2019,5,Spanish Grand Prix,2019-05-12,Spain,Barcelona,Circuit de Barcelona-Catalunya,raikkonen,RAI,7,Kimi Räikkönen,Alfa Romeo,14,14,14,Finished,0.0,0,0
2019,5,Spanish Grand Prix,2019-05-12,Spain,Barcelona,Circuit de Barcelona-Catalunya,perez,PER,11,Sergio Pérez,Racing Point,15,15,15,Finished,0.0,0,0
2019,5,Spanish Grand Prix,2019-05-12,Spain,Barcelona,Circuit de Barcelona-Catalunya,giovinazzi,GIO,99,Antonio Giovinazzi,Alfa Romeo,18,16,16,Finished,0.0,0,0
2019,5,Spanish Grand Prix,2019-05-12,Spain,Barcelona,Circuit de Barcelona-Catalunya,russell,RUS,63,George Russell,Williams,19,17,17,+1 Lap,0.0,0,0
2019,5,Spanish Grand Prix,2019-05-12,Spain,Barcelona,Circuit de Barcelona-Catalunya,kubica,KUB,88,Robert Kubica,Williams,17,18,18,+1 Lap,0.0,0,0
2019,5,Spanish Grand Prix,2019-05-12,Spain,Barcelona,Circuit de Barcelona-Catalunya,stroll,STR,18,Lance Stroll,Racing Point,16,19,R,Collision,0.0,0,0
2019,5,Spanish Grand Prix,2019-05-12,Spain,Barcelona,Circuit de Barcelona-Catalunya,norris,NOR,4,Lando Norris,McLaren,10,20,R,Collision,0.0,0,0
2019,6,Monaco Grand Prix,2019-05-26,Monaco,Monte Carlo,Circuit de Monaco,hamilton,HAM,44,Lewis Hamilton,Mercedes,1,1,1,Finished,25.0,1,1
2019,6,Monaco Grand Prix,2019-05-26,Monaco,Monte Carlo,Circuit de Monaco,vettel,VET,5,Sebastian Vettel,Ferrari,4,2,2,Finished,18.0,1,1
2019,6,Monaco Grand Prix,2019-05-26,Monaco,Monte Carlo,Circuit de Monaco,bottas,BOT,77,Valtteri Bottas,Mercedes,2,3,3,Finished,15.0,1,1
2019,6,Monaco Grand Prix,2019-05-26,Monaco,Monte Carlo,Circuit de Monaco,max_verstappen,VER,33,Max Verstappen,Red Bull,3,4,4,Finished,12.0,0,1
2019,6,Monaco Grand Prix,2019-05-26,Monaco,Monte Carlo,Circuit de Monaco,gasly,GAS,10,Pierre Gasly,Red Bull,8,5,5,Finished,11.0,0,1
2019,6,Monaco Grand Prix,2019-05-26,Monaco,Monte Carlo,Circuit de Monaco,sainz,SAI,55,Carlos Sainz,McLaren,9,6,6,Finished,8.0,0,1
2019,6,Monaco Grand Prix,2019-05-26,Monaco,Monte Carlo,Circuit de Monaco,kvyat,KVY,26,Daniil Kvyat,Toro Rosso,7,7,7,Finished,6.0,0,1
2019,6,Monaco Grand Prix,2019-05-26,Monaco,Monte Carlo,Circuit de Monaco,albon,ALB,23,Alexander Albon,Toro Rosso,10,8,8,Finished,4.0,0,1
2019,6,Monaco Grand Prix,2019-05-26,Monaco,Monte Carlo,Circuit de Monaco,ricciardo,RIC,3,Daniel Ricciardo,Renault,6,9,9,Finished,2.0,0,1
2019,6,Monaco Grand Prix,2019-05-26,Monaco,Monte Carlo,Circuit de Monaco,grosjean,GRO,8,Romain Grosjean,Haas F1 Team,13,10,10,Finished,1.0,0,1
2019,6,Monaco Grand Prix,2019-05-26,Monaco,Monte Carlo,Circuit de Monaco,norris,NOR,4,Lando Norris,McLaren,12,11,11,Finished,0.0,0,0
2019,6,Monaco Grand Prix,2019-05-26,Monaco,Monte Carlo,Circuit de Monaco,perez,PER,11,Sergio Pérez,Racing Point,16,12,12,+1 Lap,0.0,0,0
2019,6,Monaco Grand Prix,2019-05-26,Monaco,Monte Carlo,Circuit de Monaco,hulkenberg,HUL,27,Nico Hülkenberg,Renault,11,13,13,+1 Lap,0.0,0,0
2019,6,Monaco Grand Prix,2019-05-26,Monaco,Monte Carlo,Circuit de Monaco,kevin_magnussen,MAG,20,Kevin Magnussen,Haas F1 Team,5,14,14,+1 Lap,0.0,0,0
2019,6,Monaco Grand Prix,2019-05-26,Monaco,Monte Carlo,Circuit de Monaco,russell,RUS,63,George Russell,Williams,19,15,15,+1 Lap,0.0,0,0
2019,6,Monaco Grand Prix,2019-05-26,Monaco,Monte Carlo,Circuit de Monaco,stroll,STR,18,Lance Stroll,Racing Point,17,16,16,+1 Lap,0.0,0,0
2019,6,Monaco Grand Prix,2019-05-26,Monaco,Monte Carlo,Circuit de Monaco,raikkonen,RAI,7,Kimi Räikkönen,Alfa Romeo,14,17,17,+1 Lap,0.0,0,0
2019,6,Monaco Grand Prix,2019-05-26,Monaco,Monte Carlo,Circuit de Monaco,kubica,KUB,88,Robert Kubica,Williams,20,18,18,+1 Lap,0.0,0,0
2019,6,Monaco Grand Prix,2019-05-26,Monaco,Monte Carlo,Circuit de Monaco,giovinazzi,GIO,99,Antonio Giovinazzi,Alfa Romeo,18,19,19,+2 Laps,0.0,0,0
2019,6,Monaco Grand Prix,2019-05-26,Monaco,Monte Carlo,Circuit de Monaco,leclerc,LEC,16,Charles Leclerc,Ferrari,15,20,R,Collision,0.0,0,0
2019,7,Canadian Grand Prix,2019-06-09,Canada,Montreal,Circuit Gilles Villeneuve,hamilton,HAM,44,Lewis Hamilton,Mercedes,2,1,1,Finished,25.0,1,1
2019,7,Canadian Grand Prix,2019-06-09,Canada,Montreal,Circuit Gilles Villeneuve,vettel,VET,5,Sebastian Vettel,Ferrari,1,2,2,Finished,18.0,1,1
2019,7,Canadian Grand Prix,2019-06-09,Canada,Montreal,Circuit Gilles Villeneuve,leclerc,LEC,16,Charles Leclerc,Ferrari,3,3,3,Finished,15.0,1,1
2019,7,Canadian Grand Prix,2019-06-09,Canada,Montreal,Circuit Gilles Villeneuve,bottas,BOT,77,Valtteri Bottas,Mercedes,6,4,4,Finished,13.0,0,1
2019,7,Canadian Grand Prix,2019-06-09,Canada,Montreal,Circuit Gilles Villeneuve,max_verstappen,VER,33,Max Verstappen,Red Bull,9,5,5,Finished,10.0,0,1
2019,7,Canadian Grand Prix,2019-06-09,Canada,Montreal,Circuit Gilles Villeneuve,ricciardo,RIC,3,Daniel Ricciardo,Renault,4,6,6,+1 Lap,8.0,0,1
2019,7,Canadian Grand Prix,2019-06-09,Canada,Montreal,Circuit Gilles Villeneuve,hulkenberg,HUL,27,Nico Hülkenberg,Renault,7,7,7,+1 Lap,6.0,0,1
2019,7,Canadian Grand Prix,2019-06-09,Canada,Montreal,Circuit Gilles Villeneuve,gasly,GAS,10,Pierre Gasly,Red Bull,5,8,8,+1 Lap,4.0,0,1
2019,7,Canadian Grand Prix,2019-06-09,Canada,Montreal,Circuit Gilles Villeneuve,stroll,STR,18,Lance Stroll,Racing Point,17,9,9,+1 Lap,2.0,0,1
2019,7,Canadian Grand Prix,2019-06-09,Canada,Montreal,Circuit Gilles Villeneuve,kvyat,KVY,26,Daniil Kvyat,Toro Rosso,10,10,10,+1 Lap,1.0,0,1
2019,7,Canadian Grand Prix,2019-06-09,Canada,Montreal,Circuit Gilles Villeneuve,sainz,SAI,55,Carlos Sainz,McLaren,11,11,11,+1 Lap,0.0,0,0
2019,7,Canadian Grand Prix,2019-06-09,Canada,Montreal,Circuit Gilles Villeneuve,perez,PER,11,Sergio Pérez,Racing Point,15,12,12,+1 Lap,0.0,0,0
2019,7,Canadian Grand Prix,2019-06-09,Canada,Montreal,Circuit Gilles Villeneuve,giovinazzi,GIO,99,Antonio Giovinazzi,Alfa Romeo,12,13,13,+1 Lap,0.0,0,0
2019,7,Canadian Grand Prix,2019-06-09,Canada,Montreal,Circuit Gilles Villeneuve,grosjean,GRO,8,Romain Grosjean,Haas F1 Team,14,14,14,+1 Lap,0.0,0,0
2019,7,Canadian Grand Prix,2019-06-09,Canada,Montreal,Circuit Gilles Villeneuve,raikkonen,RAI,7,Kimi Räikkönen,Alfa Romeo,16,15,15,+1 Lap,0.0,0,0
2019,7,Canadian Grand Prix,2019-06-09,Canada,Montreal,Circuit Gilles Villeneuve,russell,RUS,63,George Russell,Williams,18,16,16,+2 Laps,0.0,0,0
2019,7,Canadian Grand Prix,2019-06-09,Canada,Montreal,Circuit Gilles Villeneuve,kevin_magnussen,MAG,20,Kevin Magnussen,Haas F1 Team,0,17,17,+2 Laps,0.0,0,0
2019,7,Canadian Grand Prix,2019-06-09,Canada,Montreal,Circuit Gilles Villeneuve,kubica,KUB,88,Robert Kubica,Williams,19,18,18,+3 Laps,0.0,0,0
2019,7,Canadian Grand Prix,2019-06-09,Canada,Montreal,Circuit Gilles Villeneuve,albon,ALB,23,Alexander Albon,Toro Rosso,13,19,R,Collision damage,0.0,0,0
2019,7,Canadian Grand Prix,2019-06-09,Canada,Montreal,Circuit Gilles Villeneuve,norris,NOR,4,Lando Norris,McLaren,8,20,R,Suspension,0.0,0,0
2019,8,French Grand Prix,2019-06-23,France,Le Castellet,Circuit Paul Ricard,hamilton,HAM,44,Lewis Hamilton,Mercedes,1,1,1,Finished,25.0,1,1
2019,8,French Grand Prix,2019-06-23,France,Le Castellet,Circuit Paul Ricard,bottas,BOT,77,Valtteri Bottas,Mercedes,2,2,2,Finished,18.0,1,1
2019,8,French Grand Prix,2019-06-23,France,Le Castellet,Circuit Paul Ricard,leclerc,LEC,16,Charles Leclerc,Ferrari,3,3,3,Finished,15.0,1,1
2019,8,French Grand Prix,2019-06-23,France,Le Castellet,Circuit Paul Ricard,max_verstappen,VER,33,Max Verstappen,Red Bull,4,4,4,Finished,12.0,0,1
2019,8,French Grand Prix,2019-06-23,France,Le Castellet,Circuit Paul Ricard,vettel,VET,5,Sebastian Vettel,Ferrari,7,5,5,Finished,11.0,0,1
2019,8,French Grand Prix,2019-06-23,France,Le Castellet,Circuit Paul Ricard,sainz,SAI,55,Carlos Sainz,McLaren,6,6,6,Finished,8.0,0,1
2019,8,French Grand Prix,2019-06-23,France,Le Castellet,Circuit Paul Ricard,raikkonen,RAI,7,Kimi Räikkönen,Alfa Romeo,12,7,7,+1 Lap,6.0,0,1
2019,8,French Grand Prix,2019-06-23,France,Le Castellet,Circuit Paul Ricard,hulkenberg,HUL,27,Nico Hülkenberg,Renault,13,8,8,+1 Lap,4.0,0,1
2019,8,French Grand Prix,2019-06-23,France,Le Castellet,Circuit Paul Ricard,norris,NOR,4,Lando Norris,McLaren,5,9,9,+1 Lap,2.0,0,1
2019,8,French Grand Prix,2019-06-23,France,Le Castellet,Circuit Paul Ricard,gasly,GAS,10,Pierre Gasly,Red Bull,9,10,10,+1 Lap,1.0,0,1
2019,8,French Grand Prix,2019-06-23,France,Le Castellet,Circuit Paul Ricard,ricciardo,RIC,3,Daniel Ricciardo,Renault,8,11,11,+1 Lap,0.0,0,0
2019,8,French Grand Prix,2019-06-23,France,Le Castellet,Circuit Paul Ricard,perez,PER,11,Sergio Pérez,Racing Point,14,12,12,+1 Lap,0.0,0,0
2019,8,French Grand Prix,2019-06-23,France,Le Castellet,Circuit Paul Ricard,stroll,STR,18,Lance Stroll,Racing Point,17,13,13,+1 Lap,0.0,0,0
2019,8,French Grand Prix,2019-06-23,France,Le Castellet,Circuit Paul Ricard,kvyat,KVY,26,Daniil Kvyat,Toro Rosso,19,14,14,+1 Lap,0.0,0,0
2019,8,French Grand Prix,2019-06-23,France,Le Castellet,Circuit Paul Ricard,albon,ALB,23,Alexander Albon,Toro Rosso,11,15,15,+1 Lap,0.0,0,0
2019,8,French Grand Prix,2019-06-23,France,Le Castellet,Circuit Paul Ricard,giovinazzi,GIO,99,Antonio Giovinazzi,Alfa Romeo,10,16,16,+1 Lap,0.0,0,0
2019,8,French Grand Prix,2019-06-23,France,Le Castellet,Circuit Paul Ricard,kevin_magnussen,MAG,20,Kevin Magnussen,Haas F1 Team,15,17,17,+1 Lap,0.0,0,0
2019,8,French Grand Prix,2019-06-23,France,Le Castellet,Circuit Paul Ricard,kubica,KUB,88,Robert Kubica,Williams,18,18,18,+2 Laps,0.0,0,0
2019,8,French Grand Prix,2019-06-23,France,Le Castellet,Circuit Paul Ricard,russell,RUS,63,George Russell,Williams,20,19,19,+2 Laps,0.0,0,0
2019,8,French Grand Prix,2019-06-23,France,Le Castellet,Circuit Paul Ricard,grosjean,GRO,8,Romain Grosjean,Haas F1 Team,16,20,20,Retired,0.0,0,0
2019,9,Austrian Grand Prix,2019-06-30,Austria,Spielberg,Red Bull Ring,max_verstappen,VER,33,Max Verstappen,Red Bull,2,1,1,Finished,26.0,1,1
2019,9,Austrian Grand Prix,2019-06-30,Austria,Spielberg,Red Bull Ring,leclerc,LEC,16,Charles Leclerc,Ferrari,1,2,2,Finished,18.0,1,1
2019,9,Austrian Grand Prix,2019-06-30,Austria,Spielberg,Red Bull Ring,bottas,BOT,77,Valtteri Bottas,Mercedes,3,3,3,Finished,15.0,1,1
2019,9,Austrian Grand Prix,2019-06-30,Austria,Spielberg,Red Bull Ring,vettel,VET,5,Sebastian Vettel,Ferrari,9,4,4,Finished,12.0,0,1
2019,9,Austrian Grand Prix,2019-06-30,Austria,Spielberg,Red Bull Ring,hamilton,HAM,44,Lewis Hamilton,Mercedes,4,5,5,Finished,10.0,0,1
2019,9,Austrian Grand Prix,2019-06-30,Austria,Spielberg,Red Bull Ring,norris,NOR,4,Lando Norris,McLaren,5,6,6,+1 Lap,8.0,0,1
2019,9,Austrian Grand Prix,2019-06-30,Austria,Spielberg,Red Bull Ring,gasly,GAS,10,Pierre Gasly,Red Bull,8,7,7,+1 Lap,6.0,0,1
2019,9,Austrian Grand Prix,2019-06-30,Austria,Spielberg,Red Bull Ring,sainz,SAI,55,Carlos Sainz,McLaren,19,8,8,+1 Lap,4.0,0,1
2019,9,Austrian Grand Prix,2019-06-30,Austria,Spielberg,Red Bull Ring,raikkonen,RAI,7,Kimi Räikkönen,Alfa Romeo,6,9,9,+1 Lap,2.0,0,1
2019,9,Austrian Grand Prix,2019-06-30,Austria,Spielberg,Red Bull Ring,giovinazzi,GIO,99,Antonio Giovinazzi,Alfa Romeo,7,10,10,+1 Lap,1.0,0,1
2019,9,Austrian Grand Prix,2019-06-30,Austria,Spielberg,Red Bull Ring,perez,PER,11,Sergio Pérez,Racing Point,13,11,11,+1 Lap,0.0,0,0
2019,9,Austrian Grand Prix,2019-06-30,Austria,Spielberg,Red Bull Ring,ricciardo,RIC,3,Daniel Ricciardo,Renault,12,12,12,+1 Lap,0.0,0,0
2019,9,Austrian Grand Prix,2019-06-30,Austria,Spielberg,Red Bull Ring,hulkenberg,HUL,27,Nico Hülkenberg,Renault,15,13,13,+1 Lap,0.0,0,0
2019,9,Austrian Grand Prix,2019-06-30,Austria,Spielberg,Red Bull Ring,stroll,STR,18,Lance Stroll,Racing Point,14,14,14,+1 Lap,0.0,0,0
2019,9,Austrian Grand Prix,2019-06-30,Austria,Spielberg,Red Bull Ring,albon,ALB,23,Alexander Albon,Toro Rosso,18,15,15,+1 Lap,0.0,0,0
2019,9,Austrian Grand Prix,2019-06-30,Austria,Spielberg,Red Bull Ring,grosjean,GRO,8,Romain Grosjean,Haas F1 Team,11,16,16,+1 Lap,0.0,0,0
2019,9,Austrian Grand Prix,2019-06-30,Austria,Spielberg,Red Bull Ring,kvyat,KVY,26,Daniil Kvyat,Toro Rosso,16,17,17,+1 Lap,0.0,0,0
2019,9,Austrian Grand Prix,2019-06-30,Austria,Spielberg,Red Bull Ring,russell,RUS,63,George Russell,Williams,0,18,18,+2 Laps,0.0,0,0
2019,9,Austrian Grand Prix,2019-06-30,Austria,Spielberg,Red Bull Ring,kevin_magnussen,MAG,20,Kevin Magnussen,Haas F1 Team,10,19,19,+2 Laps,0.0,0,0
2019,9,Austrian Grand Prix,2019-06-30,Austria,Spielberg,Red Bull Ring,kubica,KUB,88,Robert Kubica,Williams,17,20,20,+3 Laps,0.0,0,0
2019,10,British Grand Prix,2019-07-14,UK,Silverstone,Silverstone Circuit,hamilton,HAM,44,Lewis Hamilton,Mercedes,2,1,1,Finished,26.0,1,1
2019,10,British Grand Prix,2019-07-14,UK,Silverstone,Silverstone Circuit,bottas,BOT,77,Valtteri Bottas,Mercedes,1,2,2,Finished,18.0,1,1
2019,10,British Grand Prix,2019-07-14,UK,Silverstone,Silverstone Circuit,leclerc,LEC,16,Charles Leclerc,Ferrari,3,3,3,Finished,15.0,1,1
2019,10,British Grand Prix,2019-07-14,UK,Silverstone,Silverstone Circuit,gasly,GAS,10,Pierre Gasly,Red Bull,5,4,4,Finished,12.0,0,1
2019,10,British Grand Prix,2019-07-14,UK,Silverstone,Silverstone Circuit,max_verstappen,VER,33,Max Verstappen,Red Bull,4,5,5,Finished,10.0,0,1
2019,10,British Grand Prix,2019-07-14,UK,Silverstone,Silverstone Circuit,sainz,SAI,55,Carlos Sainz,McLaren,13,6,6,Finished,8.0,0,1
2019,10,British Grand Prix,2019-07-14,UK,Silverstone,Silverstone Circuit,ricciardo,RIC,3,Daniel Ricciardo,Renault,7,7,7,Finished,6.0,0,1
2019,10,British Grand Prix,2019-07-14,UK,Silverstone,Silverstone Circuit,raikkonen,RAI,7,Kimi Räikkönen,Alfa Romeo,12,8,8,Finished,4.0,0,1
2019,10,British Grand Prix,2019-07-14,UK,Silverstone,Silverstone Circuit,kvyat,KVY,26,Daniil Kvyat,Toro Rosso,17,9,9,Finished,2.0,0,1
2019,10,British Grand Prix,2019-07-14,UK,Silverstone,Silverstone Circuit,hulkenberg,HUL,27,Nico Hülkenberg,Renault,10,10,10,Finished,1.0,0,1
2019,10,British Grand Prix,2019-07-14,UK,Silverstone,Silverstone Circuit,norris,NOR,4,Lando Norris,McLaren,8,11,11,Finished,0.0,0,0
2019,10,British Grand Prix,2019-07-14,UK,Silverstone,Silverstone Circuit,albon,ALB,23,Alexander Albon,Toro Rosso,9,12,12,Finished,0.0,0,0
2019,10,British Grand Prix,2019-07-14,UK,Silverstone,Silverstone Circuit,stroll,STR,18,Lance Stroll,Racing Point,18,13,13,Finished,0.0,0,0
2019,10,British Grand Prix,2019-07-14,UK,Silverstone,Silverstone Circuit,russell,RUS,63,George Russell,Williams,19,14,14,+1 Lap,0.0,0,0
2019,10,British Grand Prix,2019-07-14,UK,Silverstone,Silverstone Circuit,kubica,KUB,88,Robert Kubica,Williams,20,15,15,+1 Lap,0.0,0,0
2019,10,British Grand Prix,2019-07-14,UK,Silverstone,Silverstone Circuit,vettel,VET,5,Sebastian Vettel,Ferrari,6,16,16,+1 Lap,0.0,0,0
2019,10,British Grand Prix,2019-07-14,UK,Silverstone,Silverstone Circuit,perez,PER,11,Sergio Pérez,Racing Point,15,17,17,+1 Lap,0.0,0,0
2019,10,British Grand Prix,2019-07-14,UK,Silverstone,Silverstone Circuit,giovinazzi,GIO,99,Antonio Giovinazzi,Alfa Romeo,11,18,R,Spun off,0.0,0,0
2019,10,British Grand Prix,2019-07-14,UK,Silverstone,Silverstone Circuit,grosjean,GRO,8,Romain Grosjean,Haas F1 Team,14,19,R,Collision,0.0,0,0
2019,10,British Grand Prix,2019-07-14,UK,Silverstone,Silverstone Circuit,kevin_magnussen,MAG,20,Kevin Magnussen,Haas F1 Team,16,20,R,Collision,0.0,0,0
2019,11,German Grand Prix,2019-07-28,Germany,Hockenheim,Hockenheimring,max_verstappen,VER,33,Max Verstappen,Red Bull,2,1,1,Finished,26.0,1,1
2019,11,German Grand Prix,2019-07-28,Germany,Hockenheim,Hockenheimring,vettel,VET,5,Sebastian Vettel,Ferrari,20,2,2,Finished,18.0,1,1
2019,11,German Grand Prix,2019-07-28,Germany,Hockenheim,Hockenheimring,kvyat,KVY,26,Daniil Kvyat,Toro Rosso,14,3,3,Finished,15.0,1,1
2019,11,German Grand Prix,2019-07-28,Germany,Hockenheim,Hockenheimring,stroll,STR,18,Lance Stroll,Racing Point,15,4,4,Finished,12.0,0,1
2019,11,German Grand Prix,2019-07-28,Germany,Hockenheim,Hockenheimring,sainz,SAI,55,Carlos Sainz,McLaren,7,5,5,Finished,10.0,0,1
2019,11,German Grand Prix,2019-07-28,Germany,Hockenheim,Hockenheimring,albon,ALB,23,Alexander Albon,Toro Rosso,16,6,6,Finished,8.0,0,1
2019,11,German Grand Prix,2019-07-28,Germany,Hockenheim,Hockenheimring,grosjean,GRO,8,Romain Grosjean,Haas F1 Team,6,7,7,Finished,6.0,0,1
2019,11,German Grand Prix,2019-07-28,Germany,Hockenheim,Hockenheimring,kevin_magnussen,MAG,20,Kevin Magnussen,Haas F1 Team,12,8,8,Finished,4.0,0,1
2019,11,German Grand Prix,2019-07-28,Germany,Hockenheim,Hockenheimring,hamilton,HAM,44,Lewis Hamilton,Mercedes,1,9,9,Finished,2.0,0,1
2019,11,German Grand Prix,2019-07-28,Germany,Hockenheim,Hockenheimring,kubica,KUB,88,Robert Kubica,Williams,18,10,10,Finished,1.0,0,1
2019,11,German Grand Prix,2019-07-28,Germany,Hockenheim,Hockenheimring,russell,RUS,63,George Russell,Williams,17,11,11,Finished,0.0,0,0
2019,11,German Grand Prix,2019-07-28,Germany,Hockenheim,Hockenheimring,raikkonen,RAI,7,Kimi Räikkönen,Alfa Romeo,5,12,12,Finished,0.0,0,0
2019,11,German Grand Prix,2019-07-28,Germany,Hockenheim,Hockenheimring,giovinazzi,GIO,99,Antonio Giovinazzi,Alfa Romeo,11,13,13,Finished,0.0,0,0
2019,11,German Grand Prix,2019-07-28,Germany,Hockenheim,Hockenheimring,gasly,GAS,10,Pierre Gasly,Red Bull,4,14,14,Collision,0.0,0,0
2019,11,German Grand Prix,2019-07-28,Germany,Hockenheim,Hockenheimring,bottas,BOT,77,Valtteri Bottas,Mercedes,3,15,R,Accident,0.0,0,0
2019,11,German Grand Prix,2019-07-28,Germany,Hockenheim,Hockenheimring,hulkenberg,HUL,27,Nico Hülkenberg,Renault,9,16,R,Accident,0.0,0,0
2019,11,German Grand Prix,2019-07-28,Germany,Hockenheim,Hockenheimring,leclerc,LEC,16,Charles Leclerc,Ferrari,10,17,R,Accident,0.0,0,0
2019,11,German Grand Prix,2019-07-28,Germany,Hockenheim,Hockenheimring,norris,NOR,4,Lando Norris,McLaren,19,18,R,Power loss,0.0,0,0
2019,11,German Grand Prix,2019-07-28,Germany,Hockenheim,Hockenheimring,ricciardo,RIC,3,Daniel Ricciardo,Renault,13,19,R,Exhaust,0.0,0,0
2019,11,German Grand Prix,2019-07-28,Germany,Hockenheim,Hockenheimring,perez,PER,11,Sergio Pérez,Racing Point,8,20,R,Spun off,0.0,0,0
2019,12,Hungarian Grand Prix,2019-08-04,Hungary,Budapest,Hungaroring,hamilton,HAM,44,Lewis Hamilton,Mercedes,3,1,1,Finished,25.0,1,1
2019,12,Hungarian Grand Prix,2019-08-04,Hungary,Budapest,Hungaroring,max_verstappen,VER,33,Max Verstappen,Red Bull,1,2,2,Finished,19.0,1,1
2019,12,Hungarian Grand Prix,2019-08-04,Hungary,Budapest,Hungaroring,vettel,VET,5,Sebastian Vettel,Ferrari,5,3,3,Finished,15.0,1,1
2019,12,Hungarian Grand Prix,2019-08-04,Hungary,Budapest,Hungaroring,leclerc,LEC,16,Charles Leclerc,Ferrari,4,4,4,Finished,12.0,0,1
2019,12,Hungarian Grand Prix,2019-08-04,Hungary,Budapest,Hungaroring,sainz,SAI,55,Carlos Sainz,McLaren,8,5,5,+1 Lap,10.0,0,1
2019,12,Hungarian Grand Prix,2019-08-04,Hungary,Budapest,Hungaroring,gasly,GAS,10,Pierre Gasly,Red Bull,6,6,6,+1 Lap,8.0,0,1
2019,12,Hungarian Grand Prix,2019-08-04,Hungary,Budapest,Hungaroring,raikkonen,RAI,7,Kimi Räikkönen,Alfa Romeo,10,7,7,+1 Lap,6.0,0,1
2019,12,Hungarian Grand Prix,2019-08-04,Hungary,Budapest,Hungaroring,bottas,BOT,77,Valtteri Bottas,Mercedes,2,8,8,+1 Lap,4.0,0,1
2019,12,Hungarian Grand Prix,2019-08-04,Hungary,Budapest,Hungaroring,norris,NOR,4,Lando Norris,McLaren,7,9,9,+1 Lap,2.0,0,1
2019,12,Hungarian Grand Prix,2019-08-04,Hungary,Budapest,Hungaroring,albon,ALB,23,Alexander Albon,Toro Rosso,12,10,10,+1 Lap,1.0,0,1
2019,12,Hungarian Grand Prix,2019-08-04,Hungary,Budapest,Hungaroring,perez,PER,11,Sergio Pérez,Racing Point,16,11,11,+1 Lap,0.0,0,0
2019,12,Hungarian Grand Prix,2019-08-04,Hungary,Budapest,Hungaroring,hulkenberg,HUL,27,Nico Hülkenberg,Renault,11,12,12,+1 Lap,0.0,0,0
2019,12,Hungarian Grand Prix,2019-08-04,Hungary,Budapest,Hungaroring,kevin_magnussen,MAG,20,Kevin Magnussen,Haas F1 Team,14,13,13,+1 Lap,0.0,0,0
2019,12,Hungarian Grand Prix,2019-08-04,Hungary,Budapest,Hungaroring,ricciardo,RIC,3,Daniel Ricciardo,Renault,20,14,14,+1 Lap,0.0,0,0
2019,12,Hungarian Grand Prix,2019-08-04,Hungary,Budapest,Hungaroring,kvyat,KVY,26,Daniil Kvyat,Toro Rosso,13,15,15,+2 Laps,0.0,0,0
2019,12,Hungarian Grand Prix,2019-08-04,Hungary,Budapest,Hungaroring,russell,RUS,63,George Russell,Williams,15,16,16,+2 Laps,0.0,0,0
2019,12,Hungarian Grand Prix,2019-08-04,Hungary,Budapest,Hungaroring,stroll,STR,18,Lance Stroll,Racing Point,18,17,17,+2 Laps,0.0,0,0
2019,12,Hungarian Grand Prix,2019-08-04,Hungary,Budapest,Hungaroring,giovinazzi,GIO,99,Antonio Giovinazzi,Alfa Romeo,17,18,18,+2 Laps,0.0,0,0
2019,12,Hungarian Grand Prix,2019-08-04,Hungary,Budapest,Hungaroring,kubica,KUB,88,Robert Kubica,Williams,19,19,19,+3 Laps,0.0,0,0
2019,12,Hungarian Grand Prix,2019-08-04,Hungary,Budapest,Hungaroring,grosjean,GRO,8,Romain Grosjean,Haas F1 Team,9,20,R,Water pressure,0.0,0,0
2019,13,Belgian Grand Prix,2019-09-01,Belgium,Spa,Circuit de Spa-Francorchamps,leclerc,LEC,16,Charles Leclerc,Ferrari,1,1,1,Finished,25.0,1,1
2019,13,Belgian Grand Prix,2019-09-01,Belgium,Spa,Circuit de Spa-Francorchamps,hamilton,HAM,44,Lewis Hamilton,Mercedes,3,2,2,Finished,18.0,1,1
2019,13,Belgian Grand Prix,2019-09-01,Belgium,Spa,Circuit de Spa-Francorchamps,bottas,BOT,77,Valtteri Bottas,Mercedes,4,3,3,Finished,15.0,1,1
2019,13,Belgian Grand Prix,2019-09-01,Belgium,Spa,Circuit de Spa-Francorchamps,vettel,VET,5,Sebastian Vettel,Ferrari,2,4,4,Finished,13.0,0,1
2019,13,Belgian Grand Prix,2019-09-01,Belgium,Spa,Circuit de Spa-Francorchamps,albon,ALB,23,Alexander Albon,Red Bull,17,5,5,Finished,10.0,0,1
2019,13,Belgian Grand Prix,2019-09-01,Belgium,Spa,Circuit de Spa-Francorchamps,perez,PER,11,Sergio Pérez,Racing Point,7,6,6,Finished,8.0,0,1
2019,13,Belgian Grand Prix,2019-09-01,Belgium,Spa,Circuit de Spa-Francorchamps,kvyat,KVY,26,Daniil Kvyat,Toro Rosso,19,7,7,Finished,6.0,0,1
2019,13,Belgian Grand Prix,2019-09-01,Belgium,Spa,Circuit de Spa-Francorchamps,hulkenberg,HUL,27,Nico Hülkenberg,Renault,12,8,8,Finished,4.0,0,1
2019,13,Belgian Grand Prix,2019-09-01,Belgium,Spa,Circuit de Spa-Francorchamps,gasly,GAS,10,Pierre Gasly,Toro Rosso,13,9,9,Finished,2.0,0,1
2019,13,Belgian Grand Prix,2019-09-01,Belgium,Spa,Circuit de Spa-Francorchamps,stroll,STR,18,Lance Stroll,Racing Point,16,10,10,Finished,1.0,0,1
2019,13,Belgian Grand Prix,2019-09-01,Belgium,Spa,Circuit de Spa-Francorchamps,norris,NOR,4,Lando Norris,McLaren,11,11,11,Engine,0.0,0,0
2019,13,Belgian Grand Prix,2019-09-01,Belgium,Spa,Circuit de Spa-Francorchamps,kevin_magnussen,MAG,20,Kevin Magnussen,Haas F1 Team,8,12,12,+1 Lap,0.0,0,0
2019,13,Belgian Grand Prix,2019-09-01,Belgium,Spa,Circuit de Spa-Francorchamps,grosjean,GRO,8,Romain Grosjean,Haas F1 Team,9,13,13,+1 Lap,0.0,0,0
2019,13,Belgian Grand Prix,2019-09-01,Belgium,Spa,Circuit de Spa-Francorchamps,ricciardo,RIC,3,Daniel Ricciardo,Renault,10,14,14,+1 Lap,0.0,0,0
2019,13,Belgian Grand Prix,2019-09-01,Belgium,Spa,Circuit de Spa-Francorchamps,russell,RUS,63,George Russell,Williams,14,15,15,+1 Lap,0.0,0,0
2019,13,Belgian Grand Prix,2019-09-01,Belgium,Spa,Circuit de Spa-Francorchamps,raikkonen,RAI,7,Kimi Räikkönen,Alfa Romeo,6,16,16,+1 Lap,0.0,0,0
2019,13,Belgian Grand Prix,2019-09-01,Belgium,Spa,Circuit de Spa-Francorchamps,kubica,KUB,88,Robert Kubica,Williams,0,17,17,+1 Lap,0.0,0,0
2019,13,Belgian Grand Prix,2019-09-01,Belgium,Spa,Circuit de Spa-Francorchamps,giovinazzi,GIO,99,Antonio Giovinazzi,Alfa Romeo,18,18,18,Accident,0.0,0,0
2019,13,Belgian Grand Prix,2019-09-01,Belgium,Spa,Circuit de Spa-Francorchamps,sainz,SAI,55,Carlos Sainz,McLaren,15,19,R,Power loss,0.0,0,0
2019,13,Belgian Grand Prix,2019-09-01,Belgium,Spa,Circuit de Spa-Francorchamps,max_verstappen,VER,33,Max Verstappen,Red Bull,5,20,R,Accident,0.0,0,0
2019,14,Italian Grand Prix,2019-09-08,Italy,Monza,Autodromo Nazionale di Monza,leclerc,LEC,16,Charles Leclerc,Ferrari,1,1,1,Finished,25.0,1,1
2019,14,Italian Grand Prix,2019-09-08,Italy,Monza,Autodromo Nazionale di Monza,bottas,BOT,77,Valtteri Bottas,Mercedes,3,2,2,Finished,18.0,1,1
2019,14,Italian Grand Prix,2019-09-08,Italy,Monza,Autodromo Nazionale di Monza,hamilton,HAM,44,Lewis Hamilton,Mercedes,2,3,3,Finished,16.0,1,1
2019,14,Italian Grand Prix,2019-09-08,Italy,Monza,Autodromo Nazionale di Monza,ricciardo,RIC,3,Daniel Ricciardo,Renault,5,4,4,Finished,12.0,0,1
2019,14,Italian Grand Prix,2019-09-08,Italy,Monza,Autodromo Nazionale di Monza,hulkenberg,HUL,27,Nico Hülkenberg,Renault,6,5,5,Finished,10.0,0,1
2019,14,Italian Grand Prix,2019-09-08,Italy,Monza,Autodromo Nazionale di Monza,albon,ALB,23,Alexander Albon,Red Bull,8,6,6,Finished,8.0,0,1
2019,14,Italian Grand Prix,2019-09-08,Italy,Monza,Autodromo Nazionale di Monza,perez,PER,11,Sergio Pérez,Racing Point,18,7,7,Finished,6.0,0,1
2019,14,Italian Grand Prix,2019-09-08,Italy,Monza,Autodromo Nazionale di Monza,max_verstappen,VER,33,Max Verstappen,Red Bull,19,8,8,Finished,4.0,0,1
2019,14,Italian Grand Prix,2019-09-08,Italy,Monza,Autodromo Nazionale di Monza,giovinazzi,GIO,99,Antonio Giovinazzi,Alfa Romeo,10,9,9,+1 Lap,2.0,0,1
2019,14,Italian Grand Prix,2019-09-08,Italy,Monza,Autodromo Nazionale di Monza,norris,NOR,4,Lando Norris,McLaren,16,10,10,+1 Lap,1.0,0,1
2019,14,Italian Grand Prix,2019-09-08,Italy,Monza,Autodromo Nazionale di Monza,gasly,GAS,10,Pierre Gasly,Toro Rosso,17,11,11,+1 Lap,0.0,0,0
2019,14,Italian Grand Prix,2019-09-08,Italy,Monza,Autodromo Nazionale di Monza,stroll,STR,18,Lance Stroll,Racing Point,9,12,12,+1 Lap,0.0,0,0
2019,14,Italian Grand Prix,2019-09-08,Italy,Monza,Autodromo Nazionale di Monza,vettel,VET,5,Sebastian Vettel,Ferrari,4,13,13,+1 Lap,0.0,0,0
2019,14,Italian Grand Prix,2019-09-08,Italy,Monza,Autodromo Nazionale di Monza,russell,RUS,63,George Russell,Williams,14,14,14,+1 Lap,0.0,0,0
2019,14,Italian Grand Prix,2019-09-08,Italy,Monza,Autodromo Nazionale di Monza,raikkonen,RAI,7,Kimi Räikkönen,Alfa Romeo,0,15,15,+1 Lap,0.0,0,0
2019,14,Italian Grand Prix,2019-09-08,Italy,Monza,Autodromo Nazionale di Monza,grosjean,GRO,8,Romain Grosjean,Haas F1 Team,13,16,16,+1 Lap,0.0,0,0
2019,14,Italian Grand Prix,2019-09-08,Italy,Monza,Autodromo Nazionale di Monza,kubica,KUB,88,Robert Kubica,Williams,15,17,17,+2 Laps,0.0,0,0
2019,14,Italian Grand Prix,2019-09-08,Italy,Monza,Autodromo Nazionale di Monza,kevin_magnussen,MAG,20,Kevin Magnussen,Haas F1 Team,11,18,R,Hydraulics,0.0,0,0
2019,14,Italian Grand Prix,2019-09-08,Italy,Monza,Autodromo Nazionale di Monza,kvyat,KVY,26,Daniil Kvyat,Toro Rosso,12,19,R,Engine,0.0,0,0
2019,14,Italian Grand Prix,2019-09-08,Italy,Monza,Autodromo Nazionale di Monza,sainz,SAI,55,Carlos Sainz,McLaren,7,20,R,Wheel,0.0,0,0
2019,15,Singapore Grand Prix,2019-09-22,Singapore,Marina Bay,Marina Bay Street Circuit,vettel,VET,5,Sebastian Vettel,Ferrari,3,1,1,Finished,25.0,1,1
2019,15,Singapore Grand Prix,2019-09-22,Singapore,Marina Bay,Marina Bay Street Circuit,leclerc,LEC,16,Charles Leclerc,Ferrari,1,2,2,Finished,18.0,1,1
2019,15,Singapore Grand Prix,2019-09-22,Singapore,Marina Bay,Marina Bay Street Circuit,max_verstappen,VER,33,Max Verstappen,Red Bull,4,3,3,Finished,15.0,1,1
2019,15,Singapore Grand Prix,2019-09-22,Singapore,Marina Bay,Marina Bay Street Circuit,hamilton,HAM,44,Lewis Hamilton,Mercedes,2,4,4,Finished,12.0,0,1
2019,15,Singapore Grand Prix,2019-09-22,Singapore,Marina Bay,Marina Bay Street Circuit,bottas,BOT,77,Valtteri Bottas,Mercedes,5,5,5,Finished,10.0,0,1
2019,15,Singapore Grand Prix,2019-09-22,Singapore,Marina Bay,Marina Bay Street Circuit,albon,ALB,23,Alexander Albon,Red Bull,6,6,6,Finished,8.0,0,1
2019,15,Singapore Grand Prix,2019-09-22,Singapore,Marina Bay,Marina Bay Street Circuit,norris,NOR,4,Lando Norris,McLaren,9,7,7,Finished,6.0,0,1
2019,15,Singapore Grand Prix,2019-09-22,Singapore,Marina Bay,Marina Bay Street Circuit,gasly,GAS,10,Pierre Gasly,Toro Rosso,11,8,8,Finished,4.0,0,1
2019,15,Singapore Grand Prix,2019-09-22,Singapore,Marina Bay,Marina Bay Street Circuit,hulkenberg,HUL,27,Nico Hülkenberg,Renault,8,9,9,Finished,2.0,0,1
2019,15,Singapore Grand Prix,2019-09-22,Singapore,Marina Bay,Marina Bay Street Circuit,giovinazzi,GIO,99,Antonio Giovinazzi,Alfa Romeo,10,10,10,Finished,1.0,0,1
2019,15,Singapore Grand Prix,2019-09-22,Singapore,Marina Bay,Marina Bay Street Circuit,grosjean,GRO,8,Romain Grosjean,Haas F1 Team,17,11,11,Finished,0.0,0,0
2019,15,Singapore Grand Prix,2019-09-22,Singapore,Marina Bay,Marina Bay Street Circuit,sainz,SAI,55,Carlos Sainz,McLaren,7,12,12,Finished,0.0,0,0
2019,15,Singapore Grand Prix,2019-09-22,Singapore,Marina Bay,Marina Bay Street Circuit,stroll,STR,18,Lance Stroll,Racing Point,16,13,13,Finished,0.0,0,0
2019,15,Singapore Grand Prix,2019-09-22,Singapore,Marina Bay,Marina Bay Street Circuit,ricciardo,RIC,3,Daniel Ricciardo,Renault,20,14,14,Finished,0.0,0,0
2019,15,Singapore Grand Prix,2019-09-22,Singapore,Marina Bay,Marina Bay Street Circuit,kvyat,KVY,26,Daniil Kvyat,Toro Rosso,14,15,15,Finished,0.0,0,0
2019,15,Singapore Grand Prix,2019-09-22,Singapore,Marina Bay,Marina Bay Street Circuit,kubica,KUB,88,Robert Kubica,Williams,19,16,16,Finished,0.0,0,0
2019,15,Singapore Grand Prix,2019-09-22,Singapore,Marina Bay,Marina Bay Street Circuit,kevin_magnussen,MAG,20,Kevin Magnussen,Haas F1 Team,13,17,17,Finished,0.0,0,0
2019,15,Singapore Grand Prix,2019-09-22,Singapore,Marina Bay,Marina Bay Street Circuit,raikkonen,RAI,7,Kimi Räikkönen,Alfa Romeo,12,18,R,Collision,0.0,0,0
2019,15,Singapore Grand Prix,2019-09-22,Singapore,Marina Bay,Marina Bay Street Circuit,perez,PER,11,Sergio Pérez,Racing Point,15,19,R,Engine,0.0,0,0
2019,15,Singapore Grand Prix,2019-09-22,Singapore,Marina Bay,Marina Bay Street Circuit,russell,RUS,63,George Russell,Williams,18,20,R,Collision,0.0,0,0
2019,16,Russian Grand Prix,2019-09-29,Russia,Sochi,Sochi Autodrom,hamilton,HAM,44,Lewis Hamilton,Mercedes,2,1,1,Finished,26.0,1,1
2019,16,Russian Grand Prix,2019-09-29,Russia,Sochi,Sochi Autodrom,bottas,BOT,77,Valtteri Bottas,Mercedes,4,2,2,Finished,18.0,1,1
2019,16,Russian Grand Prix,2019-09-29,Russia,Sochi,Sochi Autodrom,leclerc,LEC,16,Charles Leclerc,Ferrari,1,3,3,Finished,15.0,1,1
2019,16,Russian Grand Prix,2019-09-29,Russia,Sochi,Sochi Autodrom,max_verstappen,VER,33,Max Verstappen,Red Bull,9,4,4,Finished,12.0,0,1
2019,16,Russian Grand Prix,2019-09-29,Russia,Sochi,Sochi Autodrom,albon,ALB,23,Alexander Albon,Red Bull,0,5,5,Finished,10.0,0,1
2019,16,Russian Grand Prix,2019-09-29,Russia,Sochi,Sochi Autodrom,sainz,SAI,55,Carlos Sainz,McLaren,5,6,6,Finished,8.0,0,1
2019,16,Russian Grand Prix,2019-09-29,Russia,Sochi,Sochi Autodrom,perez,PER,11,Sergio Pérez,Racing Point,11,7,7,Finished,6.0,0,1
2019,16,Russian Grand Prix,2019-09-29,Russia,Sochi,Sochi Autodrom,norris,NOR,4,Lando Norris,McLaren,7,8,8,Finished,4.0,0,1
2019,16,Russian Grand Prix,2019-09-29,Russia,Sochi,Sochi Autodrom,kevin_magnussen,MAG,20,Kevin Magnussen,Haas F1 Team,13,9,9,Finished,2.0,0,1
2019,16,Russian Grand Prix,2019-09-29,Russia,Sochi,Sochi Autodrom,hulkenberg,HUL,27,Nico Hülkenberg,Renault,6,10,10,Finished,1.0,0,1
2019,16,Russian Grand Prix,2019-09-29,Russia,Sochi,Sochi Autodrom,stroll,STR,18,Lance Stroll,Racing Point,14,11,11,Finished,0.0,0,0
2019,16,Russian Grand Prix,2019-09-29,Russia,Sochi,Sochi Autodrom,kvyat,KVY,26,Daniil Kvyat,Toro Rosso,19,12,12,Finished,0.0,0,0
2019,16,Russian Grand Prix,2019-09-29,Russia,Sochi,Sochi Autodrom,raikkonen,RAI,7,Kimi Räikkönen,Alfa Romeo,15,13,13,Finished,0.0,0,0
2019,16,Russian Grand Prix,2019-09-29,Russia,Sochi,Sochi Autodrom,gasly,GAS,10,Pierre Gasly,Toro Rosso,16,14,14,Finished,0.0,0,0
2019,16,Russian Grand Prix,2019-09-29,Russia,Sochi,Sochi Autodrom,giovinazzi,GIO,99,Antonio Giovinazzi,Alfa Romeo,12,15,15,Finished,0.0,0,0
2019,16,Russian Grand Prix,2019-09-29,Russia,Sochi,Sochi Autodrom,kubica,KUB,88,Robert Kubica,Williams,18,16,R,Brakes,0.0,0,0
2019,16,Russian Grand Prix,2019-09-29,Russia,Sochi,Sochi Autodrom,russell,RUS,63,George Russell,Williams,17,17,R,Brakes,0.0,0,0
2019,16,Russian Grand Prix,2019-09-29,Russia,Sochi,Sochi Autodrom,vettel,VET,5,Sebastian Vettel,Ferrari,3,18,R,Power loss,0.0,0,0
2019,16,Russian Grand Prix,2019-09-29,Russia,Sochi,Sochi Autodrom,ricciardo,RIC,3,Daniel Ricciardo,Renault,10,19,R,Collision,0.0,0,0
2019,16,Russian Grand Prix,2019-09-29,Russia,Sochi,Sochi Autodrom,grosjean,GRO,8,Romain Grosjean,Haas F1 Team,8,20,R,Collision,0.0,0,0
2019,17,Japanese Grand Prix,2019-10-13,Japan,Suzuka,Suzuka Circuit,bottas,BOT,77,Valtteri Bottas,Mercedes,3,1,1,Finished,25.0,1,1
2019,17,Japanese Grand Prix,2019-10-13,Japan,Suzuka,Suzuka Circuit,vettel,VET,5,Sebastian Vettel,Ferrari,1,2,2,Finished,18.0,1,1
2019,17,Japanese Grand Prix,2019-10-13,Japan,Suzuka,Suzuka Circuit,hamilton,HAM,44,Lewis Hamilton,Mercedes,4,3,3,Finished,16.0,1,1
2019,17,Japanese Grand Prix,2019-10-13,Japan,Suzuka,Suzuka Circuit,albon,ALB,23,Alexander Albon,Red Bull,6,4,4,Finished,12.0,0,1
2019,17,Japanese Grand Prix,2019-10-13,Japan,Suzuka,Suzuka Circuit,sainz,SAI,55,Carlos Sainz,McLaren,7,5,5,Finished,10.0,0,1
2019,17,Japanese Grand Prix,2019-10-13,Japan,Suzuka,Suzuka Circuit,leclerc,LEC,16,Charles Leclerc,Ferrari,2,6,6,+1 Lap,8.0,0,1
2019,17,Japanese Grand Prix,2019-10-13,Japan,Suzuka,Suzuka Circuit,gasly,GAS,10,Pierre Gasly,Toro Rosso,9,7,7,+1 Lap,6.0,0,1
2019,17,Japanese Grand Prix,2019-10-13,Japan,Suzuka,Suzuka Circuit,perez,PER,11,Sergio Pérez,Racing Point,17,8,8,+1 Lap,4.0,0,1
2019,17,Japanese Grand Prix,2019-10-13,Japan,Suzuka,Suzuka Circuit,stroll,STR,18,Lance Stroll,Racing Point,12,9,9,+1 Lap,2.0,0,1
2019,17,Japanese Grand Prix,2019-10-13,Japan,Suzuka,Suzuka Circuit,kvyat,KVY,26,Daniil Kvyat,Toro Rosso,14,10,10,+1 Lap,1.0,0,1
2019,17,Japanese Grand Prix,2019-10-13,Japan,Suzuka,Suzuka Circuit,norris,NOR,4,Lando Norris,McLaren,8,11,11,+1 Lap,0.0,0,0
2019,17,Japanese Grand Prix,2019-10-13,Japan,Suzuka,Suzuka Circuit,raikkonen,RAI,7,Kimi Räikkönen,Alfa Romeo,13,12,12,+1 Lap,0.0,0,0
2019,17,Japanese Grand Prix,2019-10-13,Japan,Suzuka,Suzuka Circuit,grosjean,GRO,8,Romain Grosjean,Haas F1 Team,10,13,13,+1 Lap,0.0,0,0
2019,17,Japanese Grand Prix,2019-10-13,Japan,Suzuka,Suzuka Circuit,giovinazzi,GIO,99,Antonio Giovinazzi,Alfa Romeo,11,14,14,+1 Lap,0.0,0,0
2019,17,Japanese Grand Prix,2019-10-13,Japan,Suzuka,Suzuka Circuit,kevin_magnussen,MAG,20,Kevin Magnussen,Haas F1 Team,19,15,15,+1 Lap,0.0,0,0
2019,17,Japanese Grand Prix,2019-10-13,Japan,Suzuka,Suzuka Circuit,russell,RUS,63,George Russell,Williams,18,16,16,+2 Laps,0.0,0,0
2019,17,Japanese Grand Prix,2019-10-13,Japan,Suzuka,Suzuka Circuit,kubica,KUB,88,Robert Kubica,Williams,0,17,17,+2 Laps,0.0,0,0
2019,17,Japanese Grand Prix,2019-10-13,Japan,Suzuka,Suzuka Circuit,max_verstappen,VER,33,Max Verstappen,Red Bull,5,18,R,Brakes,0.0,0,0
2019,17,Japanese Grand Prix,2019-10-13,Japan,Suzuka,Suzuka Circuit,ricciardo,RIC,3,Daniel Ricciardo,Renault,16,19,D,Disqualified,0.0,0,0
2019,17,Japanese Grand Prix,2019-10-13,Japan,Suzuka,Suzuka Circuit,hulkenberg,HUL,27,Nico Hülkenberg,Renault,15,20,D,Disqualified,0.0,0,0
2019,18,Mexican Grand Prix,2019-10-27,Mexico,Mexico City,Autódromo Hermanos Rodríguez,hamilton,HAM,44,Lewis Hamilton,Mercedes,3,1,1,Finished,25.0,1,1
2019,18,Mexican Grand Prix,2019-10-27,Mexico,Mexico City,Autódromo Hermanos Rodríguez,vettel,VET,5,Sebastian Vettel,Ferrari,2,2,2,Finished,18.0,1,1
2019,18,Mexican Grand Prix,2019-10-27,Mexico,Mexico City,Autódromo Hermanos Rodríguez,bottas,BOT,77,Valtteri Bottas,Mercedes,6,3,3,Finished,15.0,1,1
2019,18,Mexican Grand Prix,2019-10-27,Mexico,Mexico City,Autódromo Hermanos Rodríguez,leclerc,LEC,16,Charles Leclerc,Ferrari,1,4,4,Finished,13.0,0,1
2019,18,Mexican Grand Prix,2019-10-27,Mexico,Mexico City,Autódromo Hermanos Rodríguez,albon,ALB,23,Alexander Albon,Red Bull,5,5,5,Finished,10.0,0,1
2019,18,Mexican Grand Prix,2019-10-27,Mexico,Mexico City,Autódromo Hermanos Rodríguez,max_verstappen,VER,33,Max Verstappen,Red Bull,4,6,6,Finished,8.0,0,1
2019,18,Mexican Grand Prix,2019-10-27,Mexico,Mexico City,Autódromo Hermanos Rodríguez,perez,PER,11,Sergio Pérez,Racing Point,11,7,7,Finished,6.0,0,1
2019,18,Mexican Grand Prix,2019-10-27,Mexico,Mexico City,Autódromo Hermanos Rodríguez,ricciardo,RIC,3,Daniel Ricciardo,Renault,13,8,8,Finished,4.0,0,1
2019,18,Mexican Grand Prix,2019-10-27,Mexico,Mexico City,Autódromo Hermanos Rodríguez,gasly,GAS,10,Pierre Gasly,Toro Rosso,10,9,9,+1 Lap,2.0,0,1
2019,18,Mexican Grand Prix,2019-10-27,Mexico,Mexico City,Autódromo Hermanos Rodríguez,hulkenberg,HUL,27,Nico Hülkenberg,Renault,12,10,10,+1 Lap,1.0,0,1
2019,18,Mexican Grand Prix,2019-10-27,Mexico,Mexico City,Autódromo Hermanos Rodríguez,kvyat,KVY,26,Daniil Kvyat,Toro Rosso,9,11,11,+1 Lap,0.0,0,0
2019,18,Mexican Grand Prix,2019-10-27,Mexico,Mexico City,Autódromo Hermanos Rodríguez,stroll,STR,18,Lance Stroll,Racing Point,16,12,12,+1 Lap,0.0,0,0
2019,18,Mexican Grand Prix,2019-10-27,Mexico,Mexico City,Autódromo Hermanos Rodríguez,sainz,SAI,55,Carlos Sainz,McLaren,7,13,13,+1 Lap,0.0,0,0
2019,18,Mexican Grand Prix,2019-10-27,Mexico,Mexico City,Autódromo Hermanos Rodríguez,giovinazzi,GIO,99,Antonio Giovinazzi,Alfa Romeo,15,14,14,+1 Lap,0.0,0,0
2019,18,Mexican Grand Prix,2019-10-27,Mexico,Mexico City,Autódromo Hermanos Rodríguez,kevin_magnussen,MAG,20,Kevin Magnussen,Haas F1 Team,17,15,15,+2 Laps,0.0,0,0
2019,18,Mexican Grand Prix,2019-10-27,Mexico,Mexico City,Autódromo Hermanos Rodríguez,russell,RUS,63,George Russell,Williams,19,16,16,+2 Laps,0.0,0,0
2019,18,Mexican Grand Prix,2019-10-27,Mexico,Mexico City,Autódromo Hermanos Rodríguez,grosjean,GRO,8,Romain Grosjean,Haas F1 Team,18,17,17,+2 Laps,0.0,0,0
2019,18,Mexican Grand Prix,2019-10-27,Mexico,Mexico City,Autódromo Hermanos Rodríguez,kubica,KUB,88,Robert Kubica,Williams,20,18,18,+2 Laps,0.0,0,0
2019,18,Mexican Grand Prix,2019-10-27,Mexico,Mexico City,Autódromo Hermanos Rodríguez,raikkonen,RAI,7,Kimi Räikkönen,Alfa Romeo,14,19,R,Overheating,0.0,0,0
2019,18,Mexican Grand Prix,2019-10-27,Mexico,Mexico City,Autódromo Hermanos Rodríguez,norris,NOR,4,Lando Norris,McLaren,8,20,W,Withdrew,0.0,0,0
2019,19,United States Grand Prix,2019-11-03,USA,Austin,Circuit of the Americas,bottas,BOT,77,Valtteri Bottas,Mercedes,1,1,1,Finished,25.0,1,1
2019,19,United States Grand Prix,2019-11-03,USA,Austin,Circuit of the Americas,hamilton,HAM,44,Lewis Hamilton,Mercedes,5,2,2,Finished,18.0,1,1
2019,19,United States Grand Prix,2019-11-03,USA,Austin,Circuit of the Americas,max_verstappen,VER,33,Max Verstappen,Red Bull,3,3,3,Finished,15.0,1,1
2019,19,United States Grand Prix,2019-11-03,USA,Austin,Circuit of the Americas,leclerc,LEC,16,Charles Leclerc,Ferrari,4,4,4,Finished,13.0,0,1
2019,19,United States Grand Prix,2019-11-03,USA,Austin,Circuit of the Americas,albon,ALB,23,Alexander Albon,Red Bull,6,5,5,Finished,10.0,0,1
2019,19,United States Grand Prix,2019-11-03,USA,Austin,Circuit of the Americas,ricciardo,RIC,3,Daniel Ricciardo,Renault,9,6,6,Finished,8.0,0,1
2019,19,United States Grand Prix,2019-11-03,USA,Austin,Circuit of the Americas,norris,NOR,4,Lando Norris,McLaren,8,7,7,Finished,6.0,0,1
2019,19,United States Grand Prix,2019-11-03,USA,Austin,Circuit of the Americas,sainz,SAI,55,Carlos Sainz,McLaren,7,8,8,+1 Lap,4.0,0,1
2019,19,United States Grand Prix,2019-11-03,USA,Austin,Circuit of the Americas,hulkenberg,HUL,27,Nico Hülkenberg,Renault,11,9,9,+1 Lap,2.0,0,1
2019,19,United States Grand Prix,2019-11-03,USA,Austin,Circuit of the Americas,perez,PER,11,Sergio Pérez,Racing Point,0,10,10,+1 Lap,1.0,0,1
2019,19,United States Grand Prix,2019-11-03,USA,Austin,Circuit of the Americas,raikkonen,RAI,7,Kimi Räikkönen,Alfa Romeo,17,11,11,+1 Lap,0.0,0,0
2019,19,United States Grand Prix,2019-11-03,USA,Austin,Circuit of the Americas,kvyat,KVY,26,Daniil Kvyat,Toro Rosso,13,12,12,+1 Lap,0.0,0,0
2019,19,United States Grand Prix,2019-11-03,USA,Austin,Circuit of the Americas,stroll,STR,18,Lance Stroll,Racing Point,14,13,13,+1 Lap,0.0,0,0
2019,19,United States Grand Prix,2019-11-03,USA,Austin,Circuit of the Americas,giovinazzi,GIO,99,Antonio Giovinazzi,Alfa Romeo,16,14,14,+1 Lap,0.0,0,0
2019,19,United States Grand Prix,2019-11-03,USA,Austin,Circuit of the Americas,grosjean,GRO,8,Romain Grosjean,Haas F1 Team,15,15,15,+1 Lap,0.0,0,0
2019,19,United States Grand Prix,2019-11-03,USA,Austin,Circuit of the Americas,gasly,GAS,10,Pierre Gasly,Toro Rosso,10,16,16,Suspension,0.0,0,0
2019,19,United States Grand Prix,2019-11-03,USA,Austin,Circuit of the Americas,russell,RUS,63,George Russell,Williams,18,17,17,+2 Laps,0.0,0,0
2019,19,United States Grand Prix,2019-11-03,USA,Austin,Circuit of the Americas,kevin_magnussen,MAG,20,Kevin Magnussen,Haas F1 Team,12,18,18,Brakes,0.0,0,0
2019,19,United States Grand Prix,2019-11-03,USA,Austin,Circuit of the Americas,kubica,KUB,88,Robert Kubica,Williams,19,19,R,Oil leak,0.0,0,0
2019,19,United States Grand Prix,2019-11-03,USA,Austin,Circuit of the Americas,vettel,VET,5,Sebastian Vettel,Ferrari,2,20,R,Suspension,0.0,0,0
2019,20,Brazilian Grand Prix,2019-11-17,Brazil,São Paulo,Autódromo José Carlos Pace,max_verstappen,VER,33,Max Verstappen,Red Bull,1,1,1,Finished,25.0,1,1
2019,20,Brazilian Grand Prix,2019-11-17,Brazil,São Paulo,Autódromo José Carlos Pace,gasly,GAS,10,Pierre Gasly,Toro Rosso,6,2,2,Finished,18.0,1,1
2019,20,Brazilian Grand Prix,2019-11-17,Brazil,São Paulo,Autódromo José Carlos Pace,sainz,SAI,55,Carlos Sainz,McLaren,20,3,3,Finished,15.0,1,1
2019,20,Brazilian Grand Prix,2019-11-17,Brazil,São Paulo,Autódromo José Carlos Pace,raikkonen,RAI,7,Kimi Räikkönen,Alfa Romeo,8,4,4,Finished,12.0,0,1
2019,20,Brazilian Grand Prix,2019-11-17,Brazil,São Paulo,Autódromo José Carlos Pace,giovinazzi,GIO,99,Antonio Giovinazzi,Alfa Romeo,12,5,5,Finished,10.0,0,1
2019,20,Brazilian Grand Prix,2019-11-17,Brazil,São Paulo,Autódromo José Carlos Pace,ricciardo,RIC,3,Daniel Ricciardo,Renault,11,6,6,Finished,8.0,0,1
2019,20,Brazilian Grand Prix,2019-11-17,Brazil,São Paulo,Autódromo José Carlos Pace,hamilton,HAM,44,Lewis Hamilton,Mercedes,3,7,7,Finished,6.0,0,1
2019,20,Brazilian Grand Prix,2019-11-17,Brazil,São Paulo,Autódromo José Carlos Pace,norris,NOR,4,Lando Norris,McLaren,10,8,8,Finished,4.0,0,1
2019,20,Brazilian Grand Prix,2019-11-17,Brazil,São Paulo,Autódromo José Carlos Pace,perez,PER,11,Sergio Pérez,Racing Point,15,9,9,Finished,2.0,0,1
2019,20,Brazilian Grand Prix,2019-11-17,Brazil,São Paulo,Autódromo José Carlos Pace,kvyat,KVY,26,Daniil Kvyat,Toro Rosso,16,10,10,Finished,1.0,0,1
2019,20,Brazilian Grand Prix,2019-11-17,Brazil,São Paulo,Autódromo José Carlos Pace,kevin_magnussen,MAG,20,Kevin Magnussen,Haas F1 Team,9,11,11,Finished,0.0,0,0
2019,20,Brazilian Grand Prix,2019-11-17,Brazil,São Paulo,Autódromo José Carlos Pace,russell,RUS,63,George Russell,Williams,18,12,12,Finished,0.0,0,0
2019,20,Brazilian Grand Prix,2019-11-17,Brazil,São Paulo,Autódromo José Carlos Pace,grosjean,GRO,8,Romain Grosjean,Haas F1 Team,7,13,13,Finished,0.0,0,0
2019,20,Brazilian Grand Prix,2019-11-17,Brazil,São Paulo,Autódromo José Carlos Pace,albon,ALB,23,Alexander Albon,Red Bull,5,14,14,Finished,0.0,0,0
2019,20,Brazilian Grand Prix,2019-11-17,Brazil,São Paulo,Autódromo José Carlos Pace,hulkenberg,HUL,27,Nico Hülkenberg,Renault,13,15,15,Finished,0.0,0,0
2019,20,Brazilian Grand Prix,2019-11-17,Brazil,São Paulo,Autódromo José Carlos Pace,kubica,KUB,88,Robert Kubica,Williams,19,16,16,+1 Lap,0.0,0,0
2019,20,Brazilian Grand Prix,2019-11-17,Brazil,São Paulo,Autódromo José Carlos Pace,vettel,VET,5,Sebastian Vettel,Ferrari,2,17,17,Collision,0.0,0,0
2019,20,Brazilian Grand Prix,2019-11-17,Brazil,São Paulo,Autódromo José Carlos Pace,leclerc,LEC,16,Charles Leclerc,Ferrari,14,18,18,Collision,0.0,0,0
2019,20,Brazilian Grand Prix,2019-11-17,Brazil,São Paulo,Autódromo José Carlos Pace,stroll,STR,18,Lance Stroll,Racing Point,17,19,19,Suspension,0.0,0,0
2019,20,Brazilian Grand Prix,2019-11-17,Brazil,São Paulo,Autódromo José Carlos Pace,bottas,BOT,77,Valtteri Bottas,Mercedes,4,20,R,Power Unit,0.0,0,0
2019,21,Abu Dhabi Grand Prix,2019-12-01,UAE,Abu Dhabi,Yas Marina Circuit,hamilton,HAM,44,Lewis Hamilton,Mercedes,1,1,1,Finished,26.0,1,1
2019,21,Abu Dhabi Grand Prix,2019-12-01,UAE,Abu Dhabi,Yas Marina Circuit,max_verstappen,VER,33,Max Verstappen,Red Bull,2,2,2,Finished,18.0,1,1
2019,21,Abu Dhabi Grand Prix,2019-12-01,UAE,Abu Dhabi,Yas Marina Circuit,leclerc,LEC,16,Charles Leclerc,Ferrari,3,3,3,Finished,15.0,1,1
2019,21,Abu Dhabi Grand Prix,2019-12-01,UAE,Abu Dhabi,Yas Marina Circuit,bottas,BOT,77,Valtteri Bottas,Mercedes,20,4,4,Finished,12.0,0,1
2019,21,Abu Dhabi Grand Prix,2019-12-01,UAE,Abu Dhabi,Yas Marina Circuit,vettel,VET,5,Sebastian Vettel,Ferrari,4,5,5,Finished,10.0,0,1
2019,21,Abu Dhabi Grand Prix,2019-12-01,UAE,Abu Dhabi,Yas Marina Circuit,albon,ALB,23,Alexander Albon,Red Bull,5,6,6,Finished,8.0,0,1
2019,21,Abu Dhabi Grand Prix,2019-12-01,UAE,Abu Dhabi,Yas Marina Circuit,perez,PER,11,Sergio Pérez,Racing Point,10,7,7,+1 Lap,6.0,0,1
2019,21,Abu Dhabi Grand Prix,2019-12-01,UAE,Abu Dhabi,Yas Marina Circuit,norris,NOR,4,Lando Norris,McLaren,6,8,8,+1 Lap,4.0,0,1
2019,21,Abu Dhabi Grand Prix,2019-12-01,UAE,Abu Dhabi,Yas Marina Circuit,kvyat,KVY,26,Daniil Kvyat,Toro Rosso,13,9,9,+1 Lap,2.0,0,1
2019,21,Abu Dhabi Grand Prix,2019-12-01,UAE,Abu Dhabi,Yas Marina Circuit,sainz,SAI,55,Carlos Sainz,McLaren,8,10,10,+1 Lap,1.0,0,1
2019,21,Abu Dhabi Grand Prix,2019-12-01,UAE,Abu Dhabi,Yas Marina Circuit,ricciardo,RIC,3,Daniel Ricciardo,Renault,7,11,11,+1 Lap,0.0,0,0
2019,21,Abu Dhabi Grand Prix,2019-12-01,UAE,Abu Dhabi,Yas Marina Circuit,hulkenberg,HUL,27,Nico Hülkenberg,Renault,9,12,12,+1 Lap,0.0,0,0
2019,21,Abu Dhabi Grand Prix,2019-12-01,UAE,Abu Dhabi,Yas Marina Circuit,raikkonen,RAI,7,Kimi Räikkönen,Alfa Romeo,17,13,13,+1 Lap,0.0,0,0
2019,21,Abu Dhabi Grand Prix,2019-12-01,UAE,Abu Dhabi,Yas Marina Circuit,kevin_magnussen,MAG,20,Kevin Magnussen,Haas F1 Team,14,14,14,+1 Lap,0.0,0,0
2019,21,Abu Dhabi Grand Prix,2019-12-01,UAE,Abu Dhabi,Yas Marina Circuit,grosjean,GRO,8,Romain Grosjean,Haas F1 Team,15,15,15,+1 Lap,0.0,0,0
2019,21,Abu Dhabi Grand Prix,2019-12-01,UAE,Abu Dhabi,Yas Marina Circuit,giovinazzi,GIO,99,Antonio Giovinazzi,Alfa Romeo,16,16,16,+1 Lap,0.0,0,0
2019,21,Abu Dhabi Grand Prix,2019-12-01,UAE,Abu Dhabi,Yas Marina Circuit,russell,RUS,63,George Russell,Williams,18,17,17,+1 Lap,0.0,0,0
2019,21,Abu Dhabi Grand Prix,2019-12-01,UAE,Abu Dhabi,Yas Marina Circuit,gasly,GAS,10,Pierre Gasly,Toro Rosso,11,18,18,+2 Laps,0.0,0,0
2019,21,Abu Dhabi Grand Prix,2019-12-01,UAE,Abu Dhabi,Yas Marina Circuit,kubica,KUB,88,Robert Kubica,Williams,19,19,19,+2 Laps,0.0,0,0
2019,21,Abu Dhabi Grand Prix,2019-12-01,UAE,Abu Dhabi,Yas Marina Circuit,stroll,STR,18,Lance Stroll,Racing Point,12,20,R,Brakes,0.0,0,0
